{"intrinsics": {"mtx": [[1845.453408415532, 0.0, 475.3527694928003], [0.0, 1857.9523007923337, 370.38103454790445], [0.0, 0.0, 1.0]], "dist": [[-0.11938895640190983, 6.279547444503734, -0.03228078809656169, -0.012935971027438598, -88.88550453882478]]}, "extrinsics": [[[[-0.006744535128566138], [-0.08495355663980816], [0.4522651270957557]], [[0.21723355642701714], [-0.007217412996884917], [100.59723283434161]]], [[[-0.042472414934230616], [-0.3303769169413674], [0.06076616395259034]], [[-16.285553514856996], [2.1689718331926144], [100.04631346477079]]], [[[0.4096617866234267], [-0.10374077294214656], [1.412034996943676]], [[17.379547700722643], [-12.370835416845328], [97.8391596205035]]], [[[0.27393223118241955], [0.11165648163089784], [0.5151699345408034]], [[8.857994812035031], [-5.650328492828356], [98.94332789139317]]], [[[0.11825368799299768], [-0.20664801167821542], [1.1341744762860893]], [[-1.7557218948813509], [-6.026843675815718], [100.13530283812364]]], [[[0.13140664610961336], [-0.3968594464249041], [0.5239260574435585]], [[-16.660021949793816], [-11.473395305092165], [99.93904944568808]]], [[[-0.1980943256797876], [-0.08394581044297307], [0.08764566680342865]], [[-13.763703199270958], [5.0659964987968085], [101.29422094837683]]], [[[-0.07339578634996179], [0.1284676173392477], [0.49516328544737215]], [[-2.4794942972469878], [0.6494066611568448], [101.13345150057062]]], [[[-0.0447580766487213], [0.10345018728005771], [0.6948275491103569]], [[0.16072157074552385], [-14.464615643912948], [101.06605792106699]]], [[[0.36569078264546934], [0.19284456202947617], [0.008856887691899717]], [[14.128451677301278], [-12.981050369771271], [98.33494199500556]]], [[[-0.2060409298130211], [0.22111789489447864], [1.5175098210619673]], [[20.523291784941307], [8.4625956476075], [98.20055884271926]]], [[[-0.1099269136995589], [0.06804421575131905], [0.2581218918753359]], [[-17.8854571417112], [6.442535043642192], [100.67681834925808]]], [[[-0.08864010119242098], [0.015182301995239438], [0.801959685958583]], [[0.12458003144558968], [-17.166128231905123], [100.95822821576799]]], [[[-0.2788397015593932], [-0.010145751069070742], [0.6170300420848526]], [[-1.275613071592067], [6.824969289694293], [100.77117649564569]]]]}